halterhoff,vibha,8,G,878
wang,debby,1,E,838
kong,john,2,E,838
day,quynh,12,G,888
hu,tai,11,A,878
menchaca,thuytran,13,A,878
trang,tsung,21,D,878
farley,seema,16,A,838
davis,pratimar,18,C,878
trang,trang,5,G,888
leon,joseph,14,E,838
lincoln,dawn,25,B,838
liu,phyllis,25,E,838
jayakumar,lay,10,G,888
trang,beilei,30,B,838
shur,david,15,B,838
saini,sabrina,17,C,878
aligireddy,minh,1,B,878
shur,joseph,19,B,838
hu,shreemathi,34,D,878
quader,edward,17,E,878
dutta,kevin,6,D,888
le,brenda,5,D,838
hyson,khanh,13,G,838
vu,jyoti,12,B,888
zoller,anjini,22,A,878
trang,heidi,27,C,878
chow,angus,8,A,888
liu,anitha,21,D,888
duc,dawn,19,C,838
parmar,charles,12,F,888
leon,margaret,30,F,878
ryan,claude,29,D,878
szeatkate,hong,4,G,878
nesbitt,sabrina,7,A,878
atreya,markus,26,B,888
vu,tuyet,29,E,878
hamilton,joanne,14,C,888
wang,rich,16,D,838
shamina,va,13,F,838
jayakumar,sudha,34,A,878
vu,purnima,2,B,838
tefft,jyoti,23,A,888
hyson,iosif,17,D,878
somani,joaquin,15,F,888
rao,michaeo,30,C,838
saini,tom,19,B,878
popa,peng,12,B,838
manh,edward,2,F,878
perez,diana,14,D,888
chen,timmothy,20,E,878
aligireddy,genway,28,G,888
heron,debby,10,E,838
thai,thuytran,10,A,878
kong,john,3,B,878
manh,darrell,28,F,888
wang,giao,16,C,838
dooling,patrick,28,F,878
betrozoff,nicholas,22,G,838
halterhoff,pratimar,34,D,878
rewati,sylvester,32,G,838
tran,jyoti,12,G,888
bleick,joanne,24,G,888
jones,rebecca,0,C,888
tseng,claude,9,C,878
dingare,tsung,1,F,838
chow,va,12,A,838
zoller,zoya,14,A,888
gogineni,va,10,F,838
vu,sabrina,33,G,878
nesbitt,hong,10,E,878
shamina,sudha,21,F,878
wong,beilei,23,E,838
huang,rich,31,C,838
nguyen,john,33,F,838
rewati,tuyet,26,G,878
tefft,anjini,2,C,878
su,debby,5,C,838
lu,bassam,8,E,838
wang,sudha,4,E,878
nesbitt,rich,31,D,838
chow,tom,5,A,878
zoller,heidi,27,E,878
muehler,william,25,E,888
steik,ban,1,D,838
hyson,genway,14,E,888
lincoln,tina,28,F,878
veeraraghavan,tai,18,F,878
rasmussen,va,31,C,838
betrozoff,long,25,E,838
hyson,debby,8,G,838
popa,kevin,10,B,878
thai,markus,22,G,888
tjahjadi,seema,20,D,838
shamina,seema,24,F,838
leonardi,hong,0,F,878
manh,lihong,19,B,878
tjahjadi,sudha,33,E,878
tjahjadi,james,12,E,838
gogineni,jeffrey,1,D,838
perez,ping,7,A,888
smith,van,7,C,878
clark,van,24,D,878
yu,joanne,2,D,888
virkar,beilei,21,F,838
tran,van,18,F,878
daver,bassam,32,G,838
bobbett,sarveta,8,A,878
chow,minh,4,G,878
foster,darrell,27,G,888
atreya,ranadhi,14,D,878
pham,gary,15,G,888
farley,timmothy,25,F,878
leonardi,markus,24,G,888
johnson,ted,13,C,838
ryan,linda,9,D,878
gogineni,bob,9,G,888
smith,joanne,13,C,888
popa,john,33,D,878
quader,phuong,0,G,838
rao,anitha,0,F,888
larab,william,7,D,888
armstrong,joseph,15,D,838
jones,cheng,25,F,888
lincoln,jayashre,28,C,878
borghi,bassam,27,C,838
shamina,marie,33,G,888
rao,timotius,2,G,888
jones,john,25,D,838
nguyen,jennifer,22,F,888
shamina,marie,16,B,888
hamilton,vao,32,B,888
bleick,giao,14,C,838
nguyen,hung,34,A,888
wong,cheng,21,F,888
daver,pratimar,2,B,878
nguyen,joanne,2,B,888
hu,purnima,1,G,838
wong,michael,0,G,838
halterhoff,sylvester,32,B,838
wang,zoya,5,D,888
nesbitt,stephen,2,A,838
riu,satinder,32,B,888
wright,jayashre,29,B,878
kamasetty,zoya,2,D,888
lemere,rita,29,F,878
menchaca,joaquin,7,B,888
tseng,raymond,3,F,878
hamilton,jerry,10,E,888
smith,sangeeta,18,A,888
menchacia,jennifer,6,D,888
virkar,nicholas,0,A,838
bleick,twi,27,B,878
wang,jeffrey,14,A,838
hu,markus,17,F,888
johnson,joanne,25,F,888
wang,hung,32,B,888
smith,thuytran,21,A,878
veeraraghavan,cheng,13,D,888
chow,joaquin,6,G,888
parmar,edward,3,A,878
wong,anit,17,B,888
wang,bob,27,F,888
davis,sangeeta,6,E,888
lozito,patrick,14,A,878
reynoso,sabrina,30,B,878
lum,iosif,6,B,878
johnson,thuy,18,D,838
dooling,yoga,29,E,888
bleick,joanne,18,A,888
mattingly,anit,4,E,888
popa,anitha,27,A,888
nguyen,debby,5,E,838
lozito,joanne,30,E,888
reynoso,kevin,7,F,878
lu,marie,27,B,888
huang,joanne,26,E,888
zoller,nandella,6,A,888
rao,timotius,26,A,888
cunningham,calvin,26,G,838
yang,purnima,4,B,838
daver,david,16,E,838
leonardi,gary,13,G,888
lincoln,seema,6,C,838
shamina,nitya,18,E,838
hamilton,iosif,13,E,878
lu,joanne,8,G,888
parmar,hy,0,D,888
lam,sylvester,20,F,838
pham,khanh,30,E,838
shur,vao,14,E,888
chow,vivek,27,C,878
farley,stephen,23,F,838
rao,nicholas,20,E,838
foster,larry,25,E,878
kong,anit,3,B,888
atreya,kevin,25,A,888
szeatkate,tan,16,G,838
lew,sylvester,20,E,838
le,margaret,31,F,878
trang,diana,17,F,888
veeraraghavan,edward,13,A,878
kamasetty,beilei,22,C,838
yang,calvin,0,F,838
vu,markus,15,G,888
quader,trang,0,C,888
foster,joanne,31,E,888
duc,winston,7,B,888
nguyen,zoya,1,D,888
tran,michaeo,10,B,838
leon,diana,29,D,888
ryan,phuong,4,D,838
manh,phuong,11,D,838
shamina,satinder,2,B,888
lemere,tuyen,26,B,888
aligireddy,jyoti,1,D,888
davis,darrell,0,C,888
tseng,va,17,A,838
tseng,brenda,21,C,838
oxford,purnima,18,D,838
szeatkate,vibha,17,G,878
armstrong,jeffrey,4,A,838
farley,anhtuan,25,C,878
jones,sudha,14,D,878
jones,joseph,26,C,838
chen,long,18,A,838
gogineni,anitha,25,A,888
pham,joanne,5,B,888
wang,twi,14,B,878
virkar,van,13,G,878
tjahjadi,phuong,33,D,838
larab,twi,25,D,878
szeatkate,joseph,26,C,838
davis,brian,5,F,838
armstrong,jennifer,8,D,888
weidner,linda,3,A,878
bleick,minh,27,B,878
atreya,khanh,22,F,838
su,calvin,24,F,838
lum,pratimar,29,A,878
yu,trang,26,G,888
lozito,mark,2,E,888
lemere,smita,24,C,838
wang,seema,26,F,838
bobbett,tan,5,A,838
gates,rita,22,D,878
kamasetty,anit,6,C,888
su,jayashre,18,E,878
kim,tan,26,E,838
liu,thuy,20,B,838
muehler,giao,19,B,838
leonardi,quynh,17,A,888
wang,peng,0,C,838
rao,winston,28,C,888
pham,smita,32,B,838
menchacia,beilei,33,A,838
lincoln,timotius,4,B,888
hong,nandella,14,F,888
nguyen,pat,23,G,878
manh,phuong,18,C,838
larab,margaret,18,A,878
riu,claude,7,D,878
menchaca,tsung,8,F,878
rao,chau,32,A,838
jadhav,ping,6,A,888
oxford,joaquin,25,C,888
tran,edward,28,B,878
quader,brenda,11,B,838
nguyen,ping,17,A,888
wang,markus,28,D,888
clark,raymond,8,D,878
rewati,brian,32,F,838
borghi,kevin,21,F,888
tran,smita,29,G,838
wang,tuyet,16,A,878
dooling,felicia,3,D,878
gates,genway,22,G,888
lincoln,jayasree,9,E,838
leon,jerry,3,E,888
trang,hy,31,E,888
szeatkate,chau,20,F,838
bleick,quyen,0,A,878
lifton,patrick,13,E,878
tefft,phyllis,24,F,838
tseng,bob,5,G,888
menchacia,timotius,32,E,888
saini,van,24,B,878
parmar,john,32,C,838
su,larry,11,C,878
bobbett,lay,11,B,888
leonardi,iosif,34,F,878
duc,smita,8,A,838
yu,phuong,10,C,838
larab,anit,26,A,888
borghi,angus,1,F,888
nesbitt,stephen,33,A,838
chen,william,12,F,888
smith,trang,22,E,888
lew,ed,19,C,888
lew,timotius,28,E,888
cunningham,hong,20,B,878
menchaca,nicholas,31,C,838
halterhoff,tom,6,A,878
chen,lihong,6,G,878
chow,rebecca,7,C,888
quader,tina,7,B,878
gogineni,william,18,E,888
smith,gary,29,E,888
kim,peng,11,C,838
nguyen,nicholas,4,D,838
gogineni,smita,13,B,838
chen,calvin,30,D,838
menchaca,hy,0,E,888
nesbitt,brenda,20,E,838
su,timotius,4,F,888
rasmussen,sudha,20,A,878
smith,patrick,6,G,878
kim,michael,23,D,838
kong,anit,24,E,888
menchaca,william,2,G,888
dingare,nitya,4,A,838
wright,rita,22,E,878
yu,pratimar,19,G,878
le,ping,16,E,888
somani,ban,27,E,838
wong,edward,15,A,878
lum,john,29,F,878
nguyen,trang,12,G,888
lozito,sangeeta,34,F,888
lifton,anjini,11,D,878
chou,shreemathi,12,E,878
rewati,debby,29,G,838
jayakumar,long,20,E,838
jayakumar,cheng,25,D,888
muehler,william,32,E,888
wang,hong,11,B,878
kong,thuytran,1,F,878
clark,michael,34,B,838
davis,gary,11,D,888
bobbett,mark,26,A,888
davis,joaquin,18,C,888
heron,felicia,34,B,878
bleick,sam,16,C,878
cunningham,lay,33,B,888
nguyen,thuytran,28,E,878
oxford,nitya,33,G,838
tseng,david,30,G,838
reynoso,anitha,3,C,888
popa,sudha,32,D,878
riu,ed,29,A,888
liu,john,13,D,838
johnson,hy,20,A,888
aligireddy,bob,2,D,888
farley,stephen,6,A,838
nguyen,timmothy,28,A,878
chou,beilei,16,E,838
larab,anit,28,G,888
dooling,chaichang,2,B,888
jones,giao,8,G,838
hu,claude,28,G,878
nguyen,joaquin,14,A,888
szeatkate,anhtuan,27,B,878
weidner,jayasree,30,F,838
foster,anitha,5,C,888
tseng,twi,1,D,878
larab,phuong,31,F,838
rewati,anitha,14,B,888
dutta,quyen,29,E,878
lozito,giao,32,F,838
wright,tina,28,B,878
lew,margaret,27,F,878
nguyen,nandella,9,C,888
weidner,joseph,17,C,838
lifton,joanne,24,D,888
cunningham,david,8,B,838
cunningham,nitya,1,E,838
parmar,jennifer,2,A,888
rewati,minh,24,F,878
leonardi,jayasree,0,D,838
davis,ed,25,B,888
won,radhika,30,B,838
menchaca,john,0,C,878
rasmussen,dennis,12,B,838
chou,charles,24,B,888
smith,raymond,24,B,878
mattingly,timotius,20,B,888
mattingly,long,5,A,838
daver,edwin,33,D,888
nesbitt,winston,4,E,888
hu,anit,0,D,888
dooling,dawn,33,B,838
daver,tan,0,F,838
thai,purnima,22,B,838
davis,pat,7,B,878
ryan,anjini,18,C,878
rao,ed,14,E,888
tefft,ted,25,G,838
veeraraghavan,sudha,27,B,878